brand,time,context,detection_type,matched_variant
Majestic RP,771.959,зайти на любой серверов maes потому что...,подлежащие_нормализации,maes
Majestic RP,793.079,поверь это не главная фишка маджестика...,подлежащие_нормализации,маджестик
LitEnergy,4564.4,чего Ладно я делаю глоток L Energy И...,подлежащие_нормализации,l energy
Majestic RP,729.6,Добро пожаловать на magestic RP...,подлежащие_нормализации,magestic
Majestic RP,770.92,Majestic RP Будьте готовы равшик...,прямое_совпадение,
LitEnergy,776.36,баночку Lit Energy пока ты её держишь...,подлежащие_нормализации,lit energy
Алиса,2356.359,Алиса записала Алиса есть у тебя Ну чаме...,прямое_совпадение,
LitEnergy,80.88,именно За регистрацию банок L Energy в...,подлежащие_нормализации,l energy
Сбер,602.64,были встретиться у Сбербанка зачем вы...,подлежащие_нормализации,сбербанк
Сбер,604.839,хотели Сбербанк найти посчитать деньги...,подлежащие_нормализации,сбербанк
Сбер,670.6,быстрее Ну всё произошло в Сбербанке...,подлежащие_нормализации,сбербанк
Сбер,792.68,около сбера зайти внутрь сделать...,подлежащие_нормализации,сбера
Majestic RP,847.36,пользователей недавно на magestic RP...,подлежащие_нормализации,magestic
Majestic RP,906.6,мажестик РП обязательно вводите мой...,подлежащие_нормализации,мажестик
Majestic RP,915.759,дней подписки magestic Premium Играйте и...,подлежащие_нормализации,magestic
Сбер,1085.919,Сбербанке посчитать деньги отдам Мне...,подлежащие_нормализации,сбербанк
LitEnergy,1392.919,бодрящий праздник линер...,подлежащие_нормализации,линер
LitEnergy,1428.24,предоставляю вам дорогие друзья тенер же...,подлежащие_нормализации, тенер 
LitEnergy,1460.279,любым вкусом L Energy все условия чтобы...,подлежащие_нормализации,l energy
Сбер,2410.359,Сбербанке мы напишем сумму и подпишем...,подлежащие_нормализации,сбербанк
Contented,2657.44,на кон не буду ставить но я готов здесь...,подлежащие_нормализации, кон 
LitEnergy,101.56,L Energy и хотелось бы вас искренне...,подлежащие_нормализации,l energy
LitEnergy,227.519,запускал бизнес Le Energy для нас с...,подлежащие_нормализации,energy
LitEnergy,2657.4,на energ это жёстко energ...,подлежащие_нормализации,energ
LitEnergy,2661.92,доске ты голо дома не пол energ почему...,подлежащие_нормализации,energ
LitEnergy,2758.559,фамилия Energy сделай бра бомба же Ну...,подлежащие_нормализации,energy
LitEnergy,2785.599,Ты что сделаем сделаем Давай Lit Energy...,подлежащие_нормализации,lit energy
LitEnergy,2787.92,к доске L Energy там Выйди там Расскажи...,подлежащие_нормализации,l energy
LitEnergy,2790.44,там Т Energy Почему опоздал если ты это...,подлежащие_нормализации,energy
LitEnergy,2814.52,а т Energy Всё молодец молодец всё И...,подлежащие_нормализации,energy
Телеграм,2821.599,месяца одобряется у себя в телеграме я...,подлежащие_нормализации,телеграм
LitEnergy,3195.88,увидеть Наш новый продукт от Energy...,подлежащие_нормализации,energy
LitEnergy,3266.76,персиковый Lit Energy теперь я вам...,подлежащие_нормализации,lit energy
LitEnergy,3271.16,нашей истории Lit Energy и здесь ребята...,подлежащие_нормализации,lit energy
Пятёрочка,3285.68,только в Пятёрочке 1.200 000 пачек прямо...,подлежащие_нормализации,пятёрочке
Majestic RP,457.599,полететь мажестик буквально со всех...,подлежащие_нормализации,мажестик
Majestic RP,470.36,этом мажестик открыли двенадцатый новый...,подлежащие_нормализации,мажестик
Majestic RP,503.479,губернатором на мажестик Вас ждут сотни...,подлежащие_нормализации,мажестик
Majestic RP,528.519,промокод lwin братцы Играйте в magestic...,подлежащие_нормализации,magestic
Avito,1329.2,осталось бра и всё на Авито Ну тут...,подлежащие_нормализации,авито
Bombbar,1539.159,8 лет Моим друзьям из бомбар они сегодня...,подлежащие_нормализации,бомбар
Bombbar,1550.64,годом бомбар становится круче и круче я...,подлежащие_нормализации,бомбар
Bombbar,1568.919,праздника бомбар разыгрывает 8 Тонн Это...,подлежащие_нормализации,бомбар
Махеевъ,21.08,махеев в прошлом ролике Я отдал задание...,подлежащие_нормализации,махеев
LitEnergy,163.0,человек который для компании L Energy...,подлежащие_нормализации,l energy
Majestic RP,412.039,ответ mages RP ма Role - это...,подлежащие_нормализации,mages
Majestic RP,447.28,Проведите жаркие дни на мажестик L И не...,подлежащие_нормализации,мажестик
Mozabrick,852.839,фотоконструктор мозабрик действует...,подлежащие_нормализации,мозабрик
Mozabrick,861.68,я всегда выбираю мозабрик мозабрик есть...,подлежащие_нормализации,мозабрик
Mozabrick,923.0,чёрную пятницу ссылка на мозабрик в...,подлежащие_нормализации,мозабрик
LitEnergy,1709.2,раздватри energ...,подлежащие_нормализации,energ
LitEnergy,100.159,просто бахнул тенер же понял перед...,подлежащие_нормализации, тенер 
Majestic RP,735.68,маджестике и всё что я хочу вам сейчас...,подлежащие_нормализации,маджестик
Majestic RP,742.959,там для тех кто не в теме Majestic...,подлежащие_нормализации,majestic
Majestic RP,788.24,прокачивай своего персонажа в magestic...,подлежащие_нормализации,magestic
Majestic RP,652.16,виртуальном мире Маджестик тут огромный...,подлежащие_нормализации,маджестик
Majestic RP,656.36,тюнинга Совсем скоро мажестик запускает...,подлежащие_нормализации,мажестик
Mozabrick,1717.399,мозабрик с ним можно собрать картину из...,подлежащие_нормализации,мозабрик
Mozabrick,1732.44,мозабрик бывают и разного размера и...,подлежащие_нормализации,мозабрик
Mozabrick,1752.64,нужен оригинальный подарок это мозабрик...,подлежащие_нормализации,мозабрик
Mozabrick,1764.2,ребята от души рекомендую мозабрик...,подлежащие_нормализации,мозабрик
Majestic RP,636.639,вот дорогие друзья Majestic RP дарит...,прямое_совпадение,
Majestic RP,650.959,описании к видео magestic - Это самый...,подлежащие_нормализации,magestic
Дром,1249.6,напомню конечно же на Дроме ламбы не...,подлежащие_нормализации, дроме 
Дром,1255.679,Дроме самые подробные отчёты об истории...,подлежащие_нормализации, дроме 
Телеграм,1956.279,подписываться на меня в Телеграме. У...,подлежащие_нормализации,телеграм
ВКонтакте,942.199,ВКонтакте ещё висят на моей старой...,прямое_совпадение,
Телеграм,1166.2,"Телеграме, когда попыталась поделиться...",подлежащие_нормализации,телеграм
FitStars,1224.6,всё это время стал Fit Stars. Поэтому в...,подлежащие_нормализации,fit stars
FitStars,1232.96,десятиминутную зарядку с Fit Stars....,подлежащие_нормализации,fit stars
FitStars,1237.84,"рецепту и с Fit Stars. Потом работаю,...",подлежащие_нормализации,fit stars
FitStars,1240.4,тут обхожусь без Fit Stars. А вечером...,подлежащие_нормализации,fit stars
FitStars,1244.799,"с кем, с Fit Stars, я растилаю коврик,...",подлежащие_нормализации,fit stars
FitStars,1247.28,"снова открываю Fit Stars, выбираю...",подлежащие_нормализации,fit stars
FitStars,1275.48,Успевайте оформить безлимит с Fit Stars...,подлежащие_нормализации,fit stars
Магнит,1394.919,размеров как будто было магнитом для...,подлежащие_нормализации, магнит
ВКонтакте,4360.44,"была картинка вывешена, что ВК одобрил...",подлежащие_нормализации, вк 
ВКонтакте,4419.719,"А, ну сначала я пыталась через ВК им...",подлежащие_нормализации, вк 
Телеграм,6937.639,"подписывайтесь на наши там телеграмы,...",подлежащие_нормализации,телеграм
Телеграм,2011.519,это рассказывала в Телеграме. Никакой...,подлежащие_нормализации,телеграм
Телеграм,1410.159,"в моём Телеграме. Женщины требовали,...",подлежащие_нормализации,телеграм
ВКонтакте,1809.2,"Spotify, Apple подкасты, ВК музыка,...",подлежащие_нормализации, вк 
Сбер,2385.96,"Знаете, это Сбербанк, да? Служба...",подлежащие_нормализации,сбербанк
Телеграм,3507.48,телеграме вот так что переходите...,подлежащие_нормализации,телеграм
Genotek,197.959,мне сделала компания генотек и честно...,подлежащие_нормализации,генотек
FitStars,1081.039,меня нет спортивной формы то fitstars -...,прямое_совпадение,
FitStars,1086.559,fitstars и он очень меня выручает мне не...,прямое_совпадение,
FitStars,1100.36,fitstars есть огромный выбор тренировок...,прямое_совпадение,
FitStars,1105.2,очень мотивирует проект Les Fit Stars...,подлежащие_нормализации,fit stars
Телеграм,2637.96,телеграме или можно в Инстаграме или в...,подлежащие_нормализации,телеграм
Телеграм,100.159,меня сразу же в телеграме такие А когда...,подлежащие_нормализации,телеграм
Wildberries,140.72,слышала что на wildberry на Озоне на...,подлежащие_нормализации,wildberry
Ozon,140.72,слышала что на wildberry на Озоне на...,подлежащие_нормализации, озоне 
Кавёр,1725.48,замолчать под ковёр короче и психолог...,подлежащие_нормализации, ковёр 
Телеграм,1962.84,телеграме Я прямо залью вот этот кусочек...,подлежащие_нормализации,телеграм
ВКонтакте,2734.68,интернете с Кроли ленту ВКонтакте мне...,прямое_совпадение,
Сбер,3195.04,свещеник спер ную справку...,подлежащие_нормализации, спер 
Телеграм,4343.6,Особенно я вас жду в телеграме Я надеюсь...,подлежащие_нормализации,телеграм
Т-Банк,643.92,"твердил: ""Покупай билеты через Т-банк,...",подлежащие_нормализации,т-банк
Т-Банк,656.36,"даёт. В Тбанке есть фича, называется...",подлежащие_нормализации,тбанк
Т-Банк,704.68,попробуйте кэшбэк дня от ТБНК. У меня...,подлежащие_нормализации,тбнк
Т-Банк,715.839,кэшбком дня в Т-банке каждый день в...,подлежащие_нормализации,т-банк
Алиса,1406.6,"умного дома, Алисы и многого-многого...",подлежащие_нормализации, алисы 
Магнит,587.12,скачал приложение Магнит акции и...,прямое_совпадение,
Магнит,597.24,акции Хит на гриле в Магнит. Покупайте с...,подлежащие_нормализации, магнит
Магнит,599.76,карты Магнит плюс и с приложения Магнит...,прямое_совпадение,
Магнит,616.519,"приложение Магнит акции Доставка будет,...",прямое_совпадение,
Т-Банк,731.24,Можно на Тбанк перевести?...,подлежащие_нормализации,тбанк
Jaguar,4212.719,рекламе Ягуар. Угу. Вот. А меня зовут...,подлежащие_нормализации,ягуар
Samsung,5334.639,Samsung Theall. Я посмотрел его...,прямое_совпадение,
Samsung,5376.8,этот Samsung The Wal. И он собран из...,прямое_совпадение,
Majestic RP,6605.0,там рекламу Маджестика на этой парковке....,подлежащие_нормализации,маджестик
МТС,797.36,MTS Urent. Если у тебя есть подписка...,подлежащие_нормализации,mts
МТС,808.079,"выгоднее, ведь они входят в подписку MTS...",подлежащие_нормализации,mts
МТС,813.48,ещё в MTS Premium входит много всего....,подлежащие_нормализации,mts
МТС,822.839,по карте МТС деньги ты получишь 5%...,прямое_совпадение,
Wibes,1565.279,Такое приложение уже есть. И это Vibes....,подлежащие_нормализации,vibes
Wildberries,1567.559,"Это новая платформа от Wibberies, где...",подлежащие_нормализации,wibberies
Wibes,1604.36,"Скачивай Vipes, снимай обзоры и...",подлежащие_нормализации,vipes
Wibes,1608.279,"посмотрю. Vibes - это соцсеть, где можно...",подлежащие_нормализации,vibes
Т-Банк,2468.119,в путешествиях АТБанка. Получайте...,подлежащие_нормализации,тбанк
Т-Банк,2472.16,25%. Путешествие Т-банка. Море...,подлежащие_нормализации,т-банк
Т-Банк,851.48,кликов с помощью Т-нвестиций. Всё...,подлежащие_нормализации, т-
Т-Банк,855.959,"аналитиков Т-банка, и вам не нужно будет...",подлежащие_нормализации,т-банк
Билайн,1415.24,ошибках. Вот и в Билайне можно вернуть...,подлежащие_нормализации,билайн
Билайн,1434.48,условиях акции и подключиться к Белайну...,подлежащие_нормализации,белайн
Яндекс,1443.799,такое уже есть это Яндекс Браузер каждая...,прямое_совпадение,
Яндекс,1468.48,са крутых фишек Яндекс браузера это...,прямое_совпадение,
Яндекс,1508.6,потом скачивай Яндекс браузер бесплатно...,прямое_совпадение,
Сбер,4389.96,Сбербанк на Ленинградском проспекте...,подлежащие_нормализации,сбербанк
Магнит,615.72,Магнит со всемирно известной...,прямое_совпадение,
Магнит,623.0,магазинах сети магнит с картой magnit...,прямое_совпадение,
Магнит,626.88,приложении магнит или magnit maret...,прямое_совпадение,
Телеграм,1476.159,телеграм Бота Найдёт с озвучкой или...,прямое_совпадение,
Т-Банк,725.399,зависаю в разделе шопинг от Т Банка в...,подлежащие_нормализации, т банка 
Т-Банк,747.04,прилетает кэшбэк рублями от Т банка на...,подлежащие_нормализации, т банка 
Т-Банк,764.32,поддержка в приложение и т банк решат...,подлежащие_нормализации, т банк 
LitEnergy,1116.88,линером потом...,подлежащие_нормализации,линер
Realme,1384.72,realme c75 вас не подведёт благодаря...,прямое_совпадение,
Realme,1393.88,realme c75 и будьте на связи в любых...,прямое_совпадение,
Битрикс24,1888.36,Я даже слыша Битрикс хорошая тема плохая...,подлежащие_нормализации,битрикс
Битрикс24,1898.84,случилось с ftx и Битрикс может ждать та...,подлежащие_нормализации,битрикс
Битрикс24,1912.679,что с ними случилось Ну да Битрикс...,подлежащие_нормализации,битрикс
Битрикс24,1919.48,битриксе как там скандальная...,подлежащие_нормализации,битрикс
Avito,2572.119,не только Ну какие-то на Авито можно...,подлежащие_нормализации,авито
Rox,8315.599,Rox я знаю что это такое то есть тебя не...,прямое_совпадение,
Авто.ру,19.16,машине связавшись с продавцом автору...,подлежащие_нормализации, автору
Магнит,668.12,магнит доставки Особенно это нас...,прямое_совпадение,
Магнит,681.16,кухне удобно кстати приложени магнит...,подлежащие_нормализации, магнит
Магнит,696.44,в магните для завода надо следующее...,подлежащие_нормализации, магнит
Кавёр,787.48,согласен об ковёр об ковёр чтобы тебя...,подлежащие_нормализации, ковёр 
Honor,1306.2,начинается продуктивность Honor...,подлежащие_нормализации,honor
Honor,1378.559,Honor magicbook x16 2025 точно ваш выбор...,прямое_совпадение,
Majestic RP,3578.319,просто народе его звать как мажестик всё...,подлежащие_нормализации,мажестик
Магнит,741.04,магазинов Магнит прекрасная пора подарка...,прямое_совпадение,
Магнит,743.92,покупайте с картой магнит плюс в...,прямое_совпадение,
Магнит,745.44,приложении Магнит акции доставка на...,прямое_совпадение,
Магнит,758.6,Магнит акции доставка по ссылке в...,прямое_совпадение,
Contented,3680.72,нете она кон потому что человек только в...,подлежащие_нормализации, кон 
ВКонтакте,5289.32,нос также друзья эксклюзивно в ВК видео...,подлежащие_нормализации, вк 
Магнит,218.319,сейчас у тебя ОТГ магнит Но типа верёвка...,прямое_совпадение,
Т-Банк,835.279,танк т-34 в аренду на неделю уникальные...,подлежащие_нормализации, т-
Axe,1596.32,галии арикс неправильно акс погоди...,подлежащие_нормализации, акс 
Contented,2866.359,кон я те скажу просто намек тебе вот...,подлежащие_нормализации, кон 
Ozon,3899.279,Озоновый вайб азот не азон Какой фильм...,подлежащие_нормализации, азон 
ВКонтакте,4248.679,в открытую обсуждать не ВК абсолютно...,подлежащие_нормализации, вк 
Магнит,4534.4,напишу Слушай а магниты какие здесь...,подлежащие_нормализации, магнит
PREMIER,171.72,Premьр. Проходите по ссылке в описании...,подлежащие_нормализации,premьр
Перекрёсток,1347.08,перекрёсток по Googleст Street View и...,прямое_совпадение,
Кавёр,311.28,приложении ковёр это приложение для...,подлежащие_нормализации, ковёр 
Кавёр,330.88,помогут найти своих команда ковра...,подлежащие_нормализации,ковра
Кавёр,350.199,пожалуй самое интересное в ковре есть...,подлежащие_нормализации,ковре
Кавёр,372.199,ковре можно найти и подруг которые будут...,подлежащие_нормализации,ковре
Кавёр,387.68,скачивайте ковёр поду или ссылки в...,подлежащие_нормализации, ковёр 
Aviasales,670.16,авиас если приметам вы не...,подлежащие_нормализации,авиас
Кавёр,803.0,панелями где На рсим ковре между...,подлежащие_нормализации,ковре
Flowwow,1243.84,флаувау флаувау...,подлежащие_нормализации,флаувау
Flowwow,1252.28,локальных брендов флава уже работает в...,подлежащие_нормализации,флава
Erborian,787.839,риан призналась Агенту ФБР наедине...,подлежащие_нормализации, риан 
Erborian,2021.279,мной и вот риан слишком задержалась в...,подлежащие_нормализации, риан 
Aviasales,712.32,"AVIAES. Награда достойная, вы сможете...",подлежащие_нормализации,aviaes
Ozon,99.56,Озон похоже черепно-мозговая травма...,подлежащие_нормализации, озон 
Aviasales,1473.76,авиа она была безумной накопительный...,подлежащие_нормализации, авиа 
Bonnie&Slide,159.56,академии Бонни и слайд закончило более...,подлежащие_нормализации,бонни и слайд
Яндекс,165.2,сотрудничают Яндекс Сбербанк СТС белайн...,прямое_совпадение,
Сбер,165.2,сотрудничают Яндекс Сбербанк СТС белайн...,подлежащие_нормализации,сбербанк
Билайн,165.2,сотрудничают Яндекс Сбербанк СТС белайн...,подлежащие_нормализации,белайн
МТС,169.599,Газпромбанк контакте МТС и другие...,прямое_совпадение,
ВКонтакте,183.76,вами презентация для ВКонтакте за...,прямое_совпадение,
Яндекс,195.319,презентации для Loreal Яндекса и других...,подлежащие_нормализации,яндекса
Bonnie&Slide,227.959,Бони Илай дарят бесплатный модуль...,подлежащие_нормализации,бони илай
Flowwow,60.039,находитесь далеко на флаувау например...,подлежащие_нормализации,флаувау
Flowwow,86.0,FL - это maret с огромным выбором подар...,подлежащие_нормализации, fl 
Aviasales,1005.24,авиас летим...,подлежащие_нормализации,авиас
ВКонтакте,2421.359,джеку ВК видео это уб...,подлежащие_нормализации, вк 
ВКонтакте,2443.64,Реальные истории ВК видео тоже всё есть...,подлежащие_нормализации, вк 
ВКонтакте,2450.839,подписки А ещё в приложении ВК видео...,подлежащие_нормализации, вк 
ВКонтакте,2474.8,идёте ВК видео даже можно скачать...,подлежащие_нормализации, вк 
ВКонтакте,2490.839,места приложение ВК видео обеспечивает...,подлежащие_нормализации, вк 
ВКонтакте,2502.28,скачивайте приложение ВК видео и...,подлежащие_нормализации, вк 
Московский институт психологии,109.079,Московский институт психологии мип мип...,прямое_совпадение,
Aviasales,804.519,авиас и смотрите этот выпуск с Бали...,подлежащие_нормализации,авиас
Smart,162.28,психологии Smart предлагает освоить...,прямое_совпадение,
Авто.ру,183.56,данным Lenta.ru средняя заработная плата...,подлежащие_нормализации,a.ru
Smart,196.48,Smart поддерживает абитуриентов и выдаёт...,прямое_совпадение,
Smart,227.959,Smart есть своя собственная платформа...,прямое_совпадение,
Smart,230.56,Smart mental на которой студенты смогут...,прямое_совпадение,
Smart,241.439,выпускника в Smart mental составил...,прямое_совпадение,
Contented,1012.6,постоянными они не могли свести кон с...,подлежащие_нормализации, кон 
Aviasales,1094.32,авиа sales 598 раз или просто купите...,подлежащие_нормализации, авиа 
Магнит,1978.76,друг другу как магнитом продолжила она в...,подлежащие_нормализации, магнит
Яндекс,94.6,"Яндекс Плюс бесплатно, и ты, наконец,...",прямое_совпадение,
Синхронизация,718.56,синхронизация. И это лишь один из курсов...,подлежащие_нормализации,синхронизация
Синхронизация,720.6,синхронизации. У них можно найти...,подлежащие_нормализации,синхронизации
Синхронизация,756.279,удобнее. По этому поводу синхронизация...,подлежащие_нормализации,синхронизация
Яндекс,87.2,свидание от Яндекс книг бот помог бы ему...,прямое_совпадение,
Яндекс,101.119,подписке Яндекс плюс блин классный бот...,прямое_совпадение,
Avito,1229.32,Но не для тех кто знает про Авито авто...,подлежащие_нормализации,авито
Avito,1238.48,найдёте на Авито авто Ведь они...,подлежащие_нормализации,авито
Avito,1241.96,на Авито авто вы с лёгкостью сможете...,подлежащие_нормализации,авито
Нетология,3.28,нетологии и предложили сделать...,подлежащие_нормализации,нетологии
Нетология,96.119,что сотрудничество с нетологии было...,подлежащие_нормализации,нетологии
Яндекс,88.079,сервис Яндекс книги с огромной...,прямое_совпадение,
Яндекс,97.32,слушать на Яндекс станция а для тех книг...,прямое_совпадение,
Яндекс,103.479,пользуетесь подпиской Яндекс книги...,прямое_совпадение,
Профи.ру,1310.44,на онлайн-сервисе profi.ru найти...,подлежащие_нормализации,profi
Телеграм,3789.0,функцию расшифровка в телеграме Вот и Ну...,подлежащие_нормализации,телеграм
Яндекс,87.119,сервис букмейт а стал Яндекс книги...,прямое_совпадение,
Букмейт,87.119,сервис букмейт а стал Яндекс книги...,прямое_совпадение,
Яндекс,100.479,продолжить слушать на Яндекс станции а...,прямое_совпадение,
Яндекс,107.159,теперь Яндекс книги есть по умолчанию в...,прямое_совпадение,
Яндекс,109.759,подписке Яндекс плюс это всё круто но...,прямое_совпадение,
Avito,1264.679,что-нибудь про Авито авто м ни разу в...,подлежащие_нормализации,авито
Avito,1269.44,автомобиль можно на Авито авто это такой...,подлежащие_нормализации,авито
Avito,1277.48,Авито авто появился новый раздел Select...,подлежащие_нормализации,авито
Selectel,1277.48,Авито авто появился новый раздел Select...,подлежащие_нормализации,select
Avito,1303.84,Авито Авито сек - ваш личный помощник в...,подлежащие_нормализации,авито
Нетология,592.079,обучение на курсе нетологии Python...,подлежащие_нормализации,нетологии
Нетология,876.68,сайт нетологии и найди там бесплатный...,подлежащие_нормализации,нетологии
Нетология,2610.599,нетологии Вот смотри дальше ты пойдёшь в...,подлежащие_нормализации,нетологии
Нетология,2616.4,читать информацию на сайте нетологии...,подлежащие_нормализации,нетологии
Нетология,2654.64,работе скидка на курс у нетологии 45% по...,подлежащие_нормализации,нетологии
Букмейт,83.88,пользуюсь букмейт Ну по суди сам...,прямое_совпадение,
Букмейт,85.759,аудиокниги между букмейт и Алисой...,прямое_совпадение,
Букмейт,95.079,ещё в букмейт есть крутая фича...,прямое_совпадение,
Букмейт,114.6,букмейт у вас будут все возможности для...,прямое_совпадение,
Авто.ру,632.44,авторучки И вообще тема секса для него...,подлежащие_нормализации, автору
Синхронизация,956.519,почерпнула из курса от синхронизации...,подлежащие_нормализации,синхронизации
Синхронизация,962.56,от онлайн лектории синхронизации кино...,подлежащие_нормализации,синхронизации
Синхронизация,986.68,синхронизации у них можно найти полезный...,подлежащие_нормализации,синхронизации
Синхронизация,1004.24,другое синхронизация придумала формулу...,прямое_совпадение,
Синхронизация,1011.759,подписка на курс синхронизации по...,подлежащие_нормализации,синхронизации
Синхронизация,1030.039,для наших подписчиков синхронизация...,подлежащие_нормализации,синхронизация
Яндекс,110.88,достаточно подключить Яндекс п с опцией...,прямое_совпадение,
Букмейт,112.52,bookmate А по промокоду прича подписка...,подлежащие_нормализации,bookmate
Нетология,2574.0,нетология Вот и мы им очень благодарны...,прямое_совпадение,
Перекрёсток,31.0,это за перекрёсток такой семи дорог...,прямое_совпадение,
Букмейт,120.28,их можно ещ и слушать в букмейт там...,прямое_совпадение,
Яндекс,140.2,достаточно подключить Яндекс плю с...,прямое_совпадение,
Букмейт,141.72,опцией bookmate А по промокоду притча...,подлежащие_нормализации,bookmate
Bang Bang Education,961.399,bbang education неважно какой у вас опыт...,подлежащие_нормализации,bbang education
ВКонтакте,1321.039,ВКонтакте блин Это очень смешно и очень...,прямое_совпадение,
Магнит,1728.159,магнитофона такая какая-то простая...,подлежащие_нормализации, магнит
Яндекс,135.72,достаточно подключить Яндекс плюс с...,прямое_совпадение,
Букмейт,137.28,опцией bookmate А по промокоду притча...,подлежащие_нормализации,bookmate
Букмейт,139.8,подписка плюс с опцией bookmate 45 дней...,подлежащие_нормализации,bookmate
Синхронизация,1454.52,синхронизации там можно найти кучу...,подлежащие_нормализации,синхронизации
Синхронизация,1468.399,подают материал синхронизация придумала...,прямое_совпадение,
Avito,3045.16,очень красивый завиток в русском языке...,подлежащие_нормализации,авито
Телеграм,145.84,так вот пока что выглядит моя телега....,подлежащие_нормализации,телега
Jaguar,281.6,всегда под рукой Ягуар с моим...,подлежащие_нормализации,ягуар
МТС,401.36,новый тариф от МТС Real. И в нём реально...,прямое_совпадение,
МТС,411.88,к МТС-музыке и даже бесплатный старт на...,подлежащие_нормализации,мтс
Телеграм,470.319,"телеграме расскажутка счёта, потому что...",подлежащие_нормализации,телеграм
Avito,672.48,"боксы Авито. В объявлении писали, что...",подлежащие_нормализации,авито
Сбер,752.56,"за бонусы от Сбера, так сказать, намазал...",подлежащие_нормализации,сбера
Кавёр,855.279,конкретно. Давайте все немножко на ковре...,подлежащие_нормализации,ковре
Телеграм,1057.28,"Телеграме, ни в ДШках, и это вгоняло в...",подлежащие_нормализации,телеграм
Пятёрочка,229.2,пожалуйста. В Пятёрочке продаётся....,подлежащие_нормализации,пятёрочке
Jaguar,506.039,а с энергетиком Jaguar Extra Urban...,прямое_совпадение,
LitEnergy,508.0,Energy вы можете выжить максимум. Наша...,подлежащие_нормализации,energy
Jaguar,784.92,"привёз в баночку Ягуар. Экста, наверное,...",подлежащие_нормализации,ягуар
Jaguar,1248.72,со мной? Когда Ягуар узнали о моих...,подлежащие_нормализации,ягуар
Jaguar,1271.4,Ягуар....,подлежащие_нормализации,ягуар
Пятёрочка,1449.88,где-нибудь в Пятёрочке сможете найти...,подлежащие_нормализации,пятёрочке
Пятёрочка,1730.0,Ищите в Пятёрочках. Всем спасибо....,подлежащие_нормализации,пятёрочках
Bombbar,35.16,"тра-ла-лела, трала-ла, бомбардила,...",подлежащие_нормализации,бомбар
Яндекс,108.32,это же похом в яндексеформе я вот не...,подлежащие_нормализации,яндексе
LitEnergy,450.039,"Extra Energy? Это не еда, это напиток....",подлежащие_нормализации,energy
МТС,476.8,просто подключить МТС препремиум с 50...,прямое_совпадение,
МТС,492.28,МТСЮрент и...,подлежащие_нормализации,мтс
МТС,506.199,"что сделал. Привязал карту МТС деньги, и...",прямое_совпадение,
МТС,522.12,"тебя есть МТС премиум, то есть ощущение,...",прямое_совпадение,
МТС,529.32,старт на самокатах MTSEN всего за 199...,подлежащие_нормализации,mts
Пятёрочка,1341.08,"Пятёрочка доставка. Быстро, удобно и...",прямое_совпадение,
Пятёрочка,1350.44,"бежать, то пятёрочка доставка вас...",прямое_совпадение,
Авто.ру,19.16,машине связавшись с продавцом a.ru...,подлежащие_нормализации,a.ru
ВКонтакте,39.76,моё сообщество в ВК для того чтобы не...,подлежащие_нормализации, вк 
МТС,502.08,оплатить тебе нужна МТС оплата точно...,прямое_совпадение,
МТС,517.0,Да спасибо МТС оплата теперь я не просто...,прямое_совпадение,
МТС,526.76,МТС оплату с минимальной фиксированной...,прямое_совпадение,
Jaguar,1217.36,Jaguar Extra Urban...,прямое_совпадение,
LitEnergy,1219.72,Energy вот смотрел на банку и больше них...,подлежащие_нормализации,energy
Jaguar,1283.44,банку Ягуара не я банку протеина начал...,подлежащие_нормализации,ягуар
Махеевъ,19.0,махеев так Ребятки всем Здорово Сегодня...,подлежащие_нормализации,махеев
МТС,693.04,в салон Ико системы МТС и купи себе свой...,прямое_совпадение,
Сбер,2382.44,есть Молодёжная кредитная сберкарта...,подлежащие_нормализации,сберкарта
Сбер,2403.599,99% у партнёров сбера 120 дней без...,подлежащие_нормализации,сбера
Сбер,2413.88,сберкарта полностью бесплатная Ну и...,подлежащие_нормализации,сберкарта
Кавёр,3286.359,Я бы ковёр ответил как...,подлежащие_нормализации, ковёр 
Кавёр,3375.96,се полотенце сразу сразу ковёр ковёр...,подлежащие_нормализации, ковёр 
Кавёр,3379.559,сразу сразу сразу ковёр коё на ковёр...,подлежащие_нормализации, ковёр 
ВКонтакте,0.359,Всем привет эксклюзивно на ВК вышла...,подлежащие_нормализации, вк 
ВКонтакте,10.599,ВКонтакте для того чтобы не пропускать...,прямое_совпадение,
Телеграм,119.079,из их диалогов в телеграме они сегодня...,подлежащие_нормализации,телеграм
ВКонтакте,569.48,вдохновляться и отдыхать это ВК видео...,подлежащие_нормализации, вк 
ВКонтакте,586.32,пробовали ВК видео то обязательно...,подлежащие_нормализации, вк 
ВКонтакте,592.8,ВКонтакте ссылочка вы сами знаете где...,прямое_совпадение,
ВКонтакте,0.12,Всем привет эксклюзивно на ВК вышла...,подлежащие_нормализации, вк 
ВКонтакте,9.519,ВКонтакте для того чтобы не пропускать...,прямое_совпадение,
МТС,573.279,МТС и Успевай подключить тариф 24...,прямое_совпадение,
Contented,1745.519,нкей Давай драки драки конфликты кон ко...,подлежащие_нормализации, кон 
ВКонтакте,3581.96,играла ВКонтакте нет нет ВКонтакте...,прямое_совпадение,
ВКонтакте,3590.359,не игравший в Тюрягу ВКонтакте жизни не...,прямое_совпадение,
Ozon,427.24,Озон Вадим Авилон хочет побить рекорд по...,подлежащие_нормализации, озон 
Majestic RP,749.32,Ну в рамках правил маджестика ему Нельзя...,подлежащие_нормализации,маджестик
Majestic RP,753.079,Донат он слишком сильно любит мажестик...,подлежащие_нормализации,мажестик
Majestic RP,1017.319,как помо гне на маджестике пацаны...,подлежащие_нормализации,маджестик
ТНТ,1267.6,видюхи на 1000 ТНТ ТН взрывать базар руб...,прямое_совпадение,
Republic,920.88,"Republ, который находится, если пешком,...",подлежащие_нормализации,republ
Кардио М,1945.519,изменения. Кардио М - это специально...,прямое_совпадение,
PREMIER,4914.199,"раз премьер Большого театра, я уже был...",подлежащие_нормализации,премьер 
Индилайт,59.199,Шашлыки с индейкой Индилай. Нежный...,подлежащие_нормализации,индилай
Индилайт,68.6,всей компании. Инлай горячий гриль...,подлежащие_нормализации,инлай
Кавёр,1103.52,"один раз, когда нас вызвали на ковёр и...",подлежащие_нормализации, ковёр 
Сбер,1166.72,Нейросети Гигачат от Сбера идеально...,подлежащие_нормализации,сбера
Суточно.ру,2032.039,"свой маршрут, а суточна.руru найдёт, где...",подлежащие_нормализации,суточна.ру
Алиса,3671.0,"Алисой Френдлих, аа, но мне не могло в...",подлежащие_нормализации, алисой 
Кавёр,73.52,"намочился просто на ковре, блин, а потом...",подлежащие_нормализации,ковре
Индилайт,109.399,Фарш из индейки. Индилай. Лёгкая и...,подлежащие_нормализации,индилай
Индилайт,118.439,удовольствием. Инлай в пользу счастья....,подлежащие_нормализации,инлай
Т-Банк,687.079,"от Т-банка, и мне очень нравится их...",подлежащие_нормализации,т-банк
Т-Банк,751.44,Т-банка по ссылке в...,подлежащие_нормализации,т-банк
Erborian,1883.799,корейско-французского бренда Бариан -...,подлежащие_нормализации,бариан
Erborian,1946.32,Приобрести продукты Риан можно в...,подлежащие_нормализации, риан 
Кавёр,3339.72,"описался, намочился просто на ковре,...",подлежащие_нормализации,ковре
Телеграм,5154.36,в каком-то посте в Телеграме он очень...,подлежащие_нормализации,телеграм
ВКонтакте,6608.88,подарили нам ВК. Мы же с ВК сделали...,подлежащие_нормализации, вк 
Т-Банк,344.96,пользуюсь сервисом Премиум от Т банка у...,подлежащие_нормализации, т банка 
Pinskiy&Co,354.759,выбрать ресторан из сети Пинский ику то...,подлежащие_нормализации,пинский ику
Т-Банк,357.24,при оплате премиальной карты Т банка вы...,подлежащие_нормализации, т банка 
Т-Банк,372.36,приложение Т банка пишите сообщение в...,подлежащие_нормализации, т банка 
Яндекс,438.199,Яндекс вас наградили двумя премиями и...,прямое_совпадение,
Яндекс,504.0,развитие новой музыки Яндекс открыли и...,прямое_совпадение,
ВКонтакте,510.4,в ВК там залетай в тренды Вот это...,подлежащие_нормализации, вк 
Яндекс,637.44,только на Яндекс музыки то есть я говорю...,прямое_совпадение,
Яндекс,683.88,Music и ВК и в Яндекс музыке везде Мы в...,прямое_совпадение,
ВКонтакте,683.88,Music и ВК и в Яндекс музыке везде Мы в...,подлежащие_нормализации, вк 
ВКонтакте,691.0,музыки и ВК музыки Ну просто они не так...,подлежащие_нормализации, вк 
Телеграм,800.399,больно быть Вот у меня в телеграме я там...,подлежащие_нормализации,телеграм
Островок!,1023.279,через Островок это надёжный сервис там...,подлежащие_нормализации,островок
Авто.ру,1335.84,машине связавшись с продавцом автору...,подлежащие_нормализации, автору
Периодика,1721.679,фотокниг периодика не очень нравится...,прямое_совпадение,
Периодика,1724.799,этот минималистичный дизайн периодики...,подлежащие_нормализации,периодики
Периодика,1742.399,периодике есть удобная услуга соберём...,подлежащие_нормализации,периодике
Периодика,1780.159,периодики а при заказе Не забывайте...,подлежащие_нормализации,периодики
Яндекс,1981.48,Яндекс музыки на секундочку Да свёл т...,прямое_совпадение,
Яндекс,1983.24,года по версии Яндекс музыки Ну...,прямое_совпадение,
Яндекс,4819.6,вот Яндекс музыка пожалуйста вот твои...,прямое_совпадение,
Яндекс,5668.8,Яндекс Музыка это подтверждение того что...,прямое_совпадение,
ВКонтакте,6001.239,ещё не пришёл но на ВК стади Обещал...,подлежащие_нормализации, вк 
ВКонтакте,6459.0,ВКонтакте добрался друзья и потом вот а...,прямое_совпадение,
Яндекс,6641.32,строчки или там в Яндексе забил это мы...,подлежащие_нормализации,яндексе
Магнит,434.12,катушечных магнитофонов. Это было всегда...,подлежащие_нормализации, магнит
Т-Банк,1165.2,"Друзья, Т-Банк стал ещё удобнее. Теперь...",прямое_совпадение,
Т-Банк,1197.559,Обновляйте приложение Т-банка и...,подлежащие_нормализации,т-банк
Rox,1747.039,Фарина. Как и вот эта красота Rox 01. Он...,прямое_совпадение,
Rox,1764.2,Rox 01 - это автомобиль нового...,прямое_совпадение,
Индилайт,76.439,индейки. Индилай в пользу счастья....,подлежащие_нормализации,индилай
Ozon,75.0,На распродаже Озон столько подарков....,подлежащие_нормализации, озон 
Foreo,378.759,изнутри. У масок Foreo восемь режимов...,прямое_совпадение,
Foreo,439.039,Сейчас у Foreo приятные скидки на все...,прямое_совпадение,
Индилайт,109.439,передавливает из индейки индилайт лёгкая...,прямое_совпадение,
ВКонтакте,323.28,ещё ВКонтакте когда ВКонтакте...,прямое_совпадение,
Yves Rocher,438.96,ивроше есть шикарная гамма продуктов...,подлежащие_нормализации,ивроше
Yves Rocher,450.0,коллаген от французской марки I roch Где...,подлежащие_нормализации, roch 
Yves Rocher,497.56,уход сейчас кстати в ивроше проходит...,подлежащие_нормализации,ивроше
Yves Rocher,514.599,бутиках и в Роше или на официальном...,подлежащие_нормализации,и в роше
ТНТ,597.64,по-моему канал ТНТ Да и собственно с...,прямое_совпадение,
ТНТ,681.16,ТНТ Ну абсолютно какого-то понимания в...,прямое_совпадение,
Foreo,913.32,лицом LED маску fiq 202 от foreo я беру...,прямое_совпадение,
Foreo,993.24,LED Мак foreo до 10...,прямое_совпадение,
Индилайт,529.399,запечённого филе индейки от Инди Light....,подлежащие_нормализации,инди light
Индилайт,549.0,вкус. С вечиной от Индий я готовлю и...,подлежащие_нормализации,индий 
Avito,80.56,"удалось продать на Авито не за 180, не...",подлежащие_нормализации,авито
Кавёр,282.16,"что он застрянет на ковре или, например,...",подлежащие_нормализации,ковре
Avito,1166.96,"Савита? Да, да, я Савито с компании. Да....",подлежащие_нормализации,авито
Островок!,116.52,"событий. Это супер маленький островок,...",подлежащие_нормализации,островок
Сбер,222.159,сильно упростилось. Спер запустил...,подлежащие_нормализации, спер 
Сбер,264.96,"дело, делай это на Easy со Сбером....",подлежащие_нормализации,сбером
Телеграм,1035.28,"Телеграме, чтобы это не превратилось в...",подлежащие_нормализации,телеграм
Островок!,2014.88,"что-то похожее, какой-нибудь островок,...",подлежащие_нормализации,островок
Пятёрочка,5.839,всегда рядом. Открой пятёрочку по...,подлежащие_нормализации,пятёрочку
Avito,306.28,"Он уже сидел, я видел там Авито,...",подлежащие_нормализации,авито
Яндекс,582.16,"Яндекса, добавил туда каждого участника....",подлежащие_нормализации,яндекса
Avito,713.24,B H610 ME Pro DDR4 на Авито писал. Паша...,подлежащие_нормализации,авито
Avito,837.24,погрузился в Авито в поисках лотов на...,подлежащие_нормализации,авито
Avito,909.6,Авито содержит всё необходимое. А на...,подлежащие_нормализации,авито
Ozon,911.44,Озон он сделал заказ на блок питаниягма...,подлежащие_нормализации, озон 
Avito,1278.96,Авито просто пулял реально бюджетки....,подлежащие_нормализации,авито
Avito,1475.6,"руб. Ну, на Авито. То есть при...",подлежащие_нормализации,авито
Avito,1914.12,Авито уже потребовала с Паше 600 руб....,подлежащие_нормализации,авито
Avito,2552.119,Авито за 36.700 руб. Потом в день...,подлежащие_нормализации,авито
Модульбанк,3.8,Модуль Банк - первый банк для...,подлежащие_нормализации,модуль банк
Avito,31.439,"сборки на Авито и другие площадки, но а...",подлежащие_нормализации,авито
Selectel,188.68,расскажу. Select один из ведущих...,подлежащие_нормализации,select
Selectel,200.68,Select. У Select есть сервера с...,подлежащие_нормализации,select
Selectel,211.599,H100. На серверах с ГПУ от Selecttel...,подлежащие_нормализации,select
Selectel,235.239,проекта на сервер Selecttel вы получите...,подлежащие_нормализации,select
Selectel,251.159,my.select.ru ru и заказывайте сервер с...,подлежащие_нормализации,select
Магнит,351.479,держится на магнитах. Шикарный корпус....,подлежащие_нормализации, магнит
Магнит,353.52,Аккуратненько убираю магнит. Защитные...,подлежащие_нормализации, магнит
Avito,521.24,"Авитомагазинах, ну и в ДНС. Миксую, ищу...",подлежащие_нормализации,авито
Avito,532.08,Авито висела за 13.000. Смогли...,подлежащие_нормализации,авито
Avito,597.92,Авито. Вот объявление. Торга здесь нет....,подлежащие_нормализации,авито
Avito,610.32,"завито, но новая. Ну что, наша сборочка...",подлежащие_нормализации,авито
Модульбанк,900.04,"знаете. Модуль Банк, первый банк для...",подлежащие_нормализации,модуль банк
Avito,241.68,на Авито за 60.000 руб. был куплен вот...,подлежащие_нормализации,авито
Авто.ру,147.56,другой разговор. На Ато.ru сделали...,подлежащие_нормализации,ато.ru
Авто.ру,152.56,отчёт авто.ru бесплатно. Просто за...,подлежащие_нормализации,авто.ru
Авто.ру,156.4,объявление на Ато.руru с отметкой...,подлежащие_нормализации,ато.ру
Авто.ру,161.519,звонка вы получите отчёт автору в...,подлежащие_нормализации, автору
Avito,362.88,учиться на своих ошибках. Я открыл Авито...,подлежащие_нормализации,авито
Avito,1021.079,который уже всё навито куча таких...,подлежащие_нормализации,авито
Fit Sevice,14.639,автосервисе Фитсервис. Автосервис...,подлежащие_нормализации,фитсервис
Fit Sevice,18.16,Фитсервис. Безупречный сервис для...,подлежащие_нормализации,фитсервис
Avito,61.64,Poison в мире буу-техники или Авито в...,подлежащие_нормализации,авито
Островок!,169.159,"напоминаю, сдаю я небольшой островок...",подлежащие_нормализации,островок
Т-Банк,243.2,Т-банка прямо сейчас действует акция....,подлежащие_нормализации,т-банк
Телеграм,472.199,"существует внутри телеграма, а значит,...",подлежащие_нормализации,телеграм
Avito,531.839,"устройства. Ну, короче, как на Авито. Я...",подлежащие_нормализации,авито
Avito,533.839,"изобрёл опять же Авито, но это ID...",подлежащие_нормализации,авито
Телеграм,547.839,"Телеграме, они у нас вот такой иконочкой...",подлежащие_нормализации,телеграм
Avito,1096.24,"Авито, а перекуп, который его продавал,...",подлежащие_нормализации,авито
Avito,1221.72,"Авитоконаправленный, специализированный...",подлежащие_нормализации,авито
Avito,162.48,сейчас. Начну с Авито. Процессор для...,подлежащие_нормализации,авито
Кавёр,216.0,увеличивая её на коврах до 11.000 Па....,подлежащие_нормализации,ковра
Кавёр,221.0,"ковре. А ковёр у нас, как видите,...",подлежащие_нормализации, ковёр 
Avito,384.8,Авито за 5.700 руб. Человек ими...,подлежащие_нормализации,авито
Avito,814.079," Ну блок питания на Авито идёт, в...",подлежащие_нормализации,авито
Avito,36.16,"выставил объявление на Авито, но есть...",подлежащие_нормализации,авито
Avito,215.12,"связи. Авито, есть. Всё, тогда домой...",подлежащие_нормализации,авито
Avito,434.12,"витрину, смогли продать на Авито за...",подлежащие_нормализации,авито
Ozon,754.8,Озон примерно по 350 руб. На Авито у...,подлежащие_нормализации, озон 
Avito,754.8,Озон примерно по 350 руб. На Авито у...,подлежащие_нормализации,авито
Синхронизация,1098.64,"Синхронизация есть, соответственно, вот...",прямое_совпадение,
Т-Банк,226.28,регистрируйтесь на ctf от Т банка до 18...,подлежащие_нормализации, т банка 
Авто.ру,377.8,проданы автору по...,подлежащие_нормализации, автору
Яндекс,1133.36,комфортом я пользуюсь Яндекс музыкой...,прямое_совпадение,
Яндекс,1162.159,открываю приложение Яндекс музыки на...,прямое_совпадение,
LitEnergy,1217.08,это делал Lead energer видео состоит...,подлежащие_нормализации,energ
Avito,1983.72,крышкой Так что пришлось найти на Авито...,подлежащие_нормализации,авито
Fresh,2237.8,пригнал на диагностику в салон Фреш...,подлежащие_нормализации,фреш
Fresh,2244.599,"всей сети маркетплейса Фреш. Давайте,...",подлежащие_нормализации,фреш
Магнит,2538.0,"вон там, где магнит поворачива. Ага,...",прямое_совпадение,
Магнит,3064.0,Магнита. Переезд по-прежнему стоит....,подлежащие_нормализации, магнит
Телеграм,600.6,"увидел у тебя в телеге, вот когда ты вот...",подлежащие_нормализации,телеге
Fresh,651.24,"Фреш, она огромная. И, допустим, вы...",подлежащие_нормализации,фреш
Т-Банк,1246.84,Т-150 покормил перед этим поросят....,подлежащие_нормализации, т-
Т-Банк,963.24,это видел. Это наш с тобой Т-банк. Я...,подлежащие_нормализации,т-банк
Т-Банк,978.16,подключить сервис премиум в Т-банке и...,подлежащие_нормализации,т-банк
Т-Банк,987.24,"сервис премиум от Т-банка, фиксируешь...",подлежащие_нормализации,т-банк
Т-Банк,1050.88,"от Тбанка - это хорошая идея,...",подлежащие_нормализации,тбанк
Fresh,1959.159,"услугами нашего автосалона, там Фреш...",подлежащие_нормализации,фреш
Fresh,1964.0,"Фреш, так...",подлежащие_нормализации,фреш
Rainbow,392.36,Rainbow мы вместе с вами создадим семью...,прямое_совпадение,
Rainbow,460.12,Rainbow Я вас...,прямое_совпадение,
Fresh,1364.72,впервые во фреше в другом городе я...,подлежащие_нормализации,фреш
Fresh,1476.52,продаваться у фреша есть аукцион Где...,подлежащие_нормализации,фреш
Contented,1759.08,интересно Давайте на кон поставим...,подлежащие_нормализации, кон 
Fresh,575.12,он Фреш Дубровский Но это один из...,подлежащие_нормализации,фреш
Fresh,593.44,зайти на Фреш выбрать себе любую машину...,подлежащие_нормализации,фреш
Fresh,693.399,Фреш Дубровский состоится мероприятие...,подлежащие_нормализации,фреш
Contented,2629.8,я самый кра для Котен...,подлежащие_нормализации,котен
Телеграм,3313.599,вопро е у Лёхи истории в телеге и у...,подлежащие_нормализации,телеге
Kari,3647.799,касаемо BMW и Кари и вот этих вот...,подлежащие_нормализации, кари 
Jaguar,3879.48,принципе как будто Jaguar FTP подходит...,прямое_совпадение,
Jaguar,3987.88,Антона Ягуар Он предложил обмен на Макан...,подлежащие_нормализации,ягуар
Jaguar,4090.68,очень Угу Так а Ягуар ей не нравится Вы...,подлежащие_нормализации,ягуар
Jaguar,4396.719,у нас Ягуар за за 2300 когда Антон...,подлежащие_нормализации,ягуар
Jaguar,4711.04,вот Ягуар...,подлежащие_нормализации,ягуар
Jaguar,4724.36,2650 Ягуар продан что ше не слышал...,подлежащие_нормализации,ягуар
Яндекс,887.079,приложения не зря Яндекс путешествиями...,прямое_совпадение,
RingString,2899.92,решение я тут снова взял стрин и залип...,подлежащие_нормализации, стрин 
RingString,2934.44,стрин можете подарить и маме и де своей...,подлежащие_нормализации, стрин 
Jaguar,3640.96,Ягуар кайф Ягуар...,подлежащие_нормализации,ягуар
Jaguar,3756.319,как Jaguar которые выглядит намного...,прямое_совпадение,
Jaguar,5592.32,ягуар так надо сейчас Марса продать...,подлежащие_нормализации,ягуар
Яндекс,1223.799,Кстати моргнула Яндекс доставка Возможно...,прямое_совпадение,
Яндекс,1621.76,Я нашла в этом прямо в Яндекс картах там...,прямое_совпадение,
Fresh,1849.0,автомобильного маркетплейса Фреш А если...,подлежащие_нормализации,фреш
Fresh,1875.6,Через аукцион Фреш всё по ссылке в...,подлежащие_нормализации,фреш
Jaguar,4735.8,к там стоит десятый уровень Ягуар...,подлежащие_нормализации,ягуар
Jaguar,4740.6,Ягуар...,подлежащие_нормализации,ягуар
Fresh,234.4,фреше говорит самая нормальная...,подлежащие_нормализации,фреш
Jaguar,733.56,Ягуар мне так кажется икр знаешь почему...,подлежащие_нормализации,ягуар
Avito,1039.48,случаев придуман Селект на Авито авто...,подлежащие_нормализации,авито
Contented,2524.16,а не не помнишь наверное кон [ __ ] хоть...,подлежащие_нормализации, кон 
RingString,2893.64,для вас решение рин стринг Подарите это...,подлежащие_нормализации,рин стринг
RingString,2909.48,удивить дам то стрин - это то что нужно...,подлежащие_нормализации, стрин 
Эльдорадо,702.399,про народи Эльдорадо А да Эльдорадо...,прямое_совпадение,
Ozon,894.519,Озон вы обсудили...,подлежащие_нормализации, озон 
RingString,1234.76,же это рин стрин да Вот видите он всегда...,подлежащие_нормализации, стрин 
Fresh,2489.56,нашего автосалона Фреш Дубровский вот...,подлежащие_нормализации,фреш
Avito,350.039,Авитопутешествие....,подлежащие_нормализации,авито
Avito,352.4,Навитопутешествиях самый большой выбор...,подлежащие_нормализации,авито
Avito,389.28,"Авитопутешествиях. Ёп, Ян. Сейчас я...",подлежащие_нормализации,авито
Островок!,650.32,аналогической петле. Это такой островок...,подлежащие_нормализации,островок
Кавёр,652.68,"кратковременной памяти, где сохраняется...",подлежащие_нормализации,ковре
Яндекс,1195.76,"Яндекса, который пройдёт на сцене Live...",подлежащие_нормализации,яндекса
Битрикс24,401.88,здесь? Битрикс....,подлежащие_нормализации,битрикс
Битрикс24,410.96,24. Битрикс 24. А ты вовремя. Садись...,подлежащие_нормализации,битрикс
Битрикс24,492.319,Bitrix24 помогает бизнесу работать. Всё...,подлежащие_нормализации,bitrix
Битрикс24,495.159,"потому, что у Bitrix 24 огромный...",подлежащие_нормализации,bitrix
Genotek,1566.88,По ДНК генотек нашёл больше 2.000 моих...,подлежащие_нормализации,генотек
Genotek,1573.679,Из 200 потенциальных генотек нашёл у...,подлежащие_нормализации,генотек
Contented,723.8,contented мы решили созвониться с ними и...,прямое_совпадение,
ВКонтакте,759.519,страничку ВКонтакте это не всё эти...,прямое_совпадение,
Contented,761.959,работы Тоже сделали студенты Котен через...,подлежащие_нормализации,котен
Яндекс,1386.52,Яндекс путешествиях сервисом пользуется...,прямое_совпадение,
Золотое Яблоко,1002.24,подарки от золотого яблока а в...,подлежащие_нормализации,золотого яблока
Золотое Яблоко,1072.44,подарок в Золотом яблоке потому что...,подлежащие_нормализации,золотом яблоке
Яндекс,2423.92,Яндекса несмотря ни на что мир...,подлежащие_нормализации,яндекса
Avito,324.039,считает сервис Авито путешествие Да если...,подлежащие_нормализации,авито
Avito,327.36,вы ещё не знали это всё тот же Авито...,подлежащие_нормализации,авито
Avito,348.919,пройдёт как забронировано ведь Авито...,подлежащие_нормализации,авито
Bombbar,101.52,жертвой обеих бомбардировок сразу как бы...,подлежащие_нормализации,бомбар
Bombbar,754.44,смешала все карты в день бомбардировки 9...,подлежащие_нормализации,бомбар
Bombbar,773.279,вс-таки прилетела бомбардировщиком...,подлежащие_нормализации,бомбар
Bombbar,1253.12,почувствовал цутому в бомбардировке...,подлежащие_нормализации,бомбар
Bombbar,1258.76,привело к бомбардировке решение одной...,подлежащие_нормализации,бомбар
Телеграм,1847.72,переживайте в телеге всё будет...,подлежащие_нормализации,телеге
Магнит,1976.639,магнитов и металлического шарика на...,подлежащие_нормализации, магнит
Магнит,1981.399,между магнитами пока не притянется к...,подлежащие_нормализации, магнит
Магнит,2008.08,жёлтому магниту из этой точки к красному...,подлежащие_нормализации, магнит
Магнит,2036.159,магнитов шарик тся к ближайшему из них...,подлежащие_нормализации, магнит
Магнит,2068.919,только не магнитные силы а Гравитация и...,подлежащие_нормализации, магнит
Магнит,2075.76,магниты а носится каждая по своим...,подлежащие_нормализации, магнит
Contented,469.36,23 в 27 Это школа дизайна кон в Котен у...,подлежащие_нормализации,котен
Contented,501.12,это дизайн студентов contented вы...,прямое_совпадение,
Билайн,1002.36,сеть Билайна поддерживает связь даже в...,подлежащие_нормализации,билайн
Билайн,1013.48,белайн поможет дозвониться или отправить...,подлежащие_нормализации,белайн
Билайн,1026.24,чтобы посмотреть наш с Билайном...,подлежащие_нормализации,билайн
LitEnergy,1389.6,клинеры такие так нужно убраться трупы...,подлежащие_нормализации,линер
Модульбанк,2036.72,модульбанк кофейного бизнеса Если у вас...,прямое_совпадение,
Яндекс,470.84,вам что на Яндекс путешествиях можно...,прямое_совпадение,
Яндекс,520.399,на любой вкус на Яндекс путешествиях а...,прямое_совпадение,
Flowwow,1547.799,Крайнего Севера и сахары так и флаувау...,подлежащие_нормализации,флаувау
Flowwow,1563.48,цветы Закажите на Flow WoW подарки так...,подлежащие_нормализации,flow wow
Flowwow,1577.399,Закажи их на флаувау это проще чем...,подлежащие_нормализации,флаувау
Золотое Яблоко,432.479,защиту в Золотом яблоке кроме санскрин Я...,подлежащие_нормализации,золотом яблоке
Bombbar,1388.919,бомбар вот вам небольшой урок математики...,подлежащие_нормализации,бомбар
Bombbar,1428.2,покупке на сайте бомбар к ней же...,подлежащие_нормализации,бомбар
